Unnamed: 0,task_id,title,description,status,source_layer,matched_file,source,main_branch
0,TASK001,Setup base FastAPI project,Initialize FastAPI project with standard folder structure,pending,v1,—,v1_csv,CORE_SETUP
1,TASK002,Create users table,Define and migrate core users model,pending,v1,—,v1_csv,USER_MANAGEMENT
2,TASK003,Implement user registration,Create signup route with validation,pending,v1,—,v1_csv,USER_MANAGEMENT
3,TASK004,Add email verification,Send OTP and verify email logic,pending,v1,—,v1_csv,KYC_WORKFLOWS
4,TASK005,Implement login flow,Add password hashing and JWT token generation,pending,v1,—,v1_csv,USER_MANAGEMENT
5,TASK006,Create dashboard UI,Build base dashboard interface for Smart Users,pending,v1,—,v1_csv,USER_MANAGEMENT
6,TASK007,Add profile popup modal,Enable modal with live edit/save,pending,v1,—,v1_csv,USER_MANAGEMENT
7,TASK008,Integrate mobile verification,Skip if mobile already verified via Fast2SMS,pending,v1,—,v1_csv,KYC_WORKFLOWS
8,TASK009,Create user activity logger,Track login/logout and basic user actions,pending,v1,—,v1_csv,USER_MANAGEMENT
9,TASK010,Setup Docker environment,Build Dockerfile and docker-compose for dev,pending,v1,—,v1_csv,CORE_SETUP
10,TASK011,Add SQLite test DB,Support local SQLite for fast testing,pending,v1,—,v1_csv,MISC
11,TASK012,Build logic folder,Split complex functions into logic/ modules,pending,v1,—,v1_csv,DEVOPS_AND_DOCKER
12,TASK013,Implement sync tool (v1),Basic scp-based sync logic with file listing,pending,v1,—,v1_csv,SYNC_AND_BACKUP
13,TASK014,Build dev-bucket UI,Create UI to show assigned tasks to devs,pending,v1,—,v1_csv,DEVOPS_AND_DOCKER
14,TASK015,Create task model,"Define dev_tasks with title, description, assigned_to",pending,v1,—,v1_csv,ADMIN_CONTROLS
15,TASK016,Seed initial tasks,Auto-insert system tasks (SYS001–SYS010),pending,v1,—,v1_csv,CORE_SETUP
16,TASK017,Fetch task by ID,Build logic to retrieve task by task_id,pending,v1,—,v1_csv,DEVOPS_AND_DOCKER
17,TASK018,Enable file download per task,Link download button with ZIP package,pending,v1,—,v1_csv,ADMIN_CONTROLS
18,TASK019,Create submission handler,Support ZIP + optional notes upload,pending,v1,—,v1_csv,MISC
19,TASK020,Mark task complete,Update status on successful upload,pending,v1,—,v1_csv,ADMIN_CONTROLS
20,TASK021,Implement feedback model,Track dev feedback per task,pending,v1,—,v1_csv,ADMIN_CONTROLS
21,TASK022,Build progress bar widget,UI element for task completion % per dev,pending,v1,—,v1_csv,DEVOPS_AND_DOCKER
22,TASK023,Create admin review route,Allow admin to review and approve dev uploads,pending,v1,—,v1_csv,FRONTEND_ROUTES
23,TASK024,Implement admin approval logic,Update task status post approval,pending,v1,—,v1_csv,ADMIN_CONTROLS
24,TASK025,Auto sync uploaded files,Push submitted files to correct logic path,pending,v1,—,v1_csv,SYNC_AND_BACKUP
25,TASK026,Check route duplication,Scan for route conflict and report,pending,v1,—,v1_csv,MISC
26,TASK027,Add route tag scanner,Group routes with FastAPI tags,pending,v1,—,v1_csv,MISC
27,TASK028,Sync logic files via Celery,Use Celery to background sync logic changes,pending,v1,—,v1_csv,SYNC_AND_BACKUP
28,TASK029,Track developer login,Log dev sessions and time spent,pending,v1,—,v1_csv,USER_MANAGEMENT
29,TASK030,Daily snapshot backup,Create daily ZIP snapshot of logic folder,pending,v1,—,v1_csv,SYNC_AND_BACKUP
30,TASK031,Build logic tree viewer,Display nested logic folder structure visually,pending,v1,—,v1_csv,FRONTEND_ROUTES
31,TASK032,Check unused models,Detect models not referenced in any logic,pending,v1,—,v1_csv,MISC
32,TASK033,Show model-logic map,Map which logic uses which model,pending,v1,—,v1_csv,MISC
33,TASK034,Check unused routes,Detect routes not referenced in frontend,pending,v1,—,v1_csv,MISC
34,TASK035,Sync DB migrations,Trigger alembic upgrades after logic sync,pending,v1,—,v1_csv,CORE_SETUP
35,TASK036,Lock file on edit,Prevent multiple devs editing same logic file,pending,v1,—,v1_csv,MISC
36,TASK037,Enable Google login,OAuth-based restricted Gmail login,pending,v1,—,v1_csv,USER_MANAGEMENT
37,TASK038,Superadmin dashboard,UI for overall task and dev tracking,pending,v1,—,v1_csv,ADMIN_CONTROLS
38,TASK039,Enable tagging system,Add tags for logic classification,pending,v1,—,v1_csv,MISC
39,TASK040,Route to logic mapper,Tool to auto-link route → logic function,pending,v1,—,v1_csv,MISC
40,TASK041,Logic conflict detector,Scan logic for conflicting function names,pending,v1,—,v1_csv,MISC
41,TASK042,Create offline installer,Build full installer ZIP with Python/Node deps,pending,v1,—,v1_csv,DEVOPS_AND_DOCKER
42,TASK043,Mark task priority,Allow admin to tag urgent tasks,pending,v1,—,v1_csv,ADMIN_CONTROLS
43,TASK044,Auto assign tasks,Distribute tasks evenly across devs,pending,v1,—,v1_csv,ADMIN_CONTROLS
44,TASK045,Track function coverage,Mark how many functions have tests,pending,v1,—,v1_csv,MISC
45,TASK046,Setup test folder,Prepare unit testing infra for logic,pending,v1,—,v1_csv,CORE_SETUP
46,TASK047,Scan test coverage,Report test % per logic file,pending,v1,—,v1_csv,MISC
47,TASK048,Tag external dependencies,Show where 3rd party libs used,pending,v1,—,v1_csv,MISC
48,TASK049,Scan logic usage of DB,Show which logic files hit which models,pending,v1,—,v1_csv,MISC
49,TASK050,Build DB model viewer,UI to navigate all models + relationships,pending,v1,—,v1_csv,FRONTEND_ROUTES
50,TASK051,Sync logic changes to test,Mirror synced logic to test folder for CI,pending,v1,—,v1_csv,SYNC_AND_BACKUP
51,TASK052,Build analytics summary,Overall dev contribution & progress view,pending,v1,—,v1_csv,FRONTEND_ROUTES
52,TASK053,Developer profile modal,Show recent uploads + badges,pending,v1,—,v1_csv,USER_MANAGEMENT
53,TASK054,Detect logic bloat,Mark logic files >500 lines for review,pending,v1,—,v1_csv,FRONTEND_ROUTES
54,TASK055,Suggest logic refactor,Recommend splitting heavy logic,pending,v1,—,v1_csv,MISC
55,TASK056,Scan for old logic style,Detect v1-style legacy logic usage,pending,v1,—,v1_csv,MISC
56,TASK057,Track logic function reuse,Show reused functions across files,pending,v1,—,v1_csv,MISC
57,TASK058,Enable smart filter in UI,Filter tasks by type,pending,v1,—,v1_csv,ADMIN_CONTROLS
58,TASK059,Allow dev comments,Feedback option inside logic popup,pending,v1,—,v1_csv,MISC
59,TASK060,Enable live task timer,Track how much time each dev spends,pending,v1,—,v1_csv,ADMIN_CONTROLS
60,TASK061,Generate progress CSV,Auto-export dev progress CSV,pending,v1,—,v1_csv,MISC
61,TASK062,Sync user_docs folder,Auto sync user document logic changes,pending,v1,—,v1_csv,USER_MANAGEMENT
62,TASK063,Auto alert for task delay,Notify admin if task inactive 7+ days,pending,v1,—,v1_csv,NOTIFICATION_SYSTEM
63,TASK064,Allow logic rollback,Restore previous version of logic,pending,v1,—,v1_csv,MISC
64,TASK065,Sync scanned logic to DB,Save function list to DB after scan,pending,v1,—,v1_csv,SYNC_AND_BACKUP
65,TASK066,Track scan date,Log when logic/functions last scanned,pending,v1,—,v1_csv,MISC
66,TASK067,Enable search by function,Search box to jump to function in logic,pending,v1,—,v1_csv,MISC
67,TASK068,Detect logic duplicates,Find similar code blocks across logic,pending,v1,—,v1_csv,MISC
68,TASK069,Add logic complexity score,Compute logic based on branching,pending,v1,—,v1_csv,MISC
69,TASK070,Show Git-style diff,Display before/after on logic updates,pending,v1,—,v1_csv,MISC
70,TASK071,Add logic tags to DB,Each logic tagged for classification,pending,v1,—,v1_csv,MISC
71,TASK072,Export tagged logic,Download all logic with a specific tag,pending,v1,—,v1_csv,MISC
72,TASK073,Compare logic versions,Show timeline of changes,pending,v1,—,v1_csv,MISC
73,TASK074,Add logic status (active/legacy),Mark old logic as legacy,pending,v1,—,v1_csv,MISC
74,TASK075,Enable logic lock override,Admin can force unlock logic,pending,v1,—,v1_csv,ADMIN_CONTROLS
75,TASK076,Setup error trace viewer,Display recent error logs for logic,pending,v1,—,v1_csv,CORE_SETUP
76,TASK077,Sync static files (CSS/JS),Copy updated frontend files to test,pending,v1,—,v1_csv,SYNC_AND_BACKUP
77,TASK078,Enable logic preview popup,Quick preview of logic content,pending,v1,—,v1_csv,FRONTEND_ROUTES
78,TASK079,Add UI file validator,Validate ZIPs for missing/extra files,pending,v1,—,v1_csv,MISC
79,TASK080,Setup Celery retry logic,Retry background sync on failure,pending,v1,—,v1_csv,CORE_SETUP
80,TASK081,Add dev-level badges,Assign 'Fast Finisher',pending,v1,—,v1_csv,ADMIN_CONTROLS
81,TASK082,Add logic file version,Maintain logic file history,pending,v1,—,v1_csv,MISC
82,TASK083,Track test success/fail,Link logic to test pass status,pending,v1,—,v1_csv,MISC
83,TASK084,Enable Docker rebuild,Rebuild containers post logic sync,pending,v1,—,v1_csv,SYNC_AND_BACKUP
84,TASK085,Track broken migrations,Log Alembic errors if any,pending,v1,—,v1_csv,CORE_SETUP
85,TASK086,Visualize route coverage,Route → logic → model path,pending,v1,—,v1_csv,MISC
86,TASK087,Track user activity in Dev Bucket,Log UI usage,pending,v1,—,v1_csv,USER_MANAGEMENT
87,TASK088,Tag untracked logic,Detect logic not mapped to any task,pending,v1,—,v1_csv,ADMIN_CONTROLS
88,TASK089,Auto suggest task based on commit,AI-based auto assignment,pending,v1,—,v1_csv,ADMIN_CONTROLS
89,TASK090,Enable dark mode toggle,Switch dashboard to dark theme,pending,v1,—,v1_csv,ADMIN_CONTROLS
90,TASK091,Enable UI localization,Translate UI to Hindi,pending,v1,—,v1_csv,MISC
91,TASK092,Track logic by folder group,Cluster logic under services,pending,v1,—,v1_csv,MISC
92,TASK093,Add notification center,Show sync/submit/task alerts,pending,v1,—,v1_csv,NOTIFICATION_SYSTEM
93,TASK094,Enable logic lint checker,Auto format + suggest corrections,pending,v1,—,v1_csv,FRONTEND_ROUTES
94,TASK095,Mark required files per task,Define expected upload content,pending,v1,—,v1_csv,ADMIN_CONTROLS
95,TASK096,Enable direct logic edit in browser,VS Code-style editor in modal,pending,v1,—,v1_csv,FRONTEND_ROUTES
96,TASK097,Setup build notifier,Notify when ZIP uploaded successfully,pending,v1,—,v1_csv,CORE_SETUP
97,TASK098,Export Dev Task Summary,CSV export for admin tracking,pending,v1,—,v1_csv,ADMIN_CONTROLS
98,TASK099,Setup upload API for bot,Programmatic task submit endpoint,pending,v1,—,v1_csv,CORE_SETUP
99,TASK100,Enable chunked ZIP upload,Support partial uploads for large files,pending,v1,—,v1_csv,MISC
100,TASK101,Scan for circular imports,Mark files with cyclic dependencies,pending,v1,—,v1_csv,MISC
101,TASK102,Enable nested task view,Show subtasks per master task,pending,v1,—,v1_csv,FRONTEND_ROUTES
102,TASK103,Setup task dependency map,Link dependent tasks,pending,v1,—,v1_csv,CORE_SETUP
103,TASK104,Allow task reassignment,Admin can move task to another dev,pending,v1,—,v1_csv,ADMIN_CONTROLS
104,TASK105,Mark cross-linked logic,Logic used in more than one feature,pending,v1,—,v1_csv,MISC
105,TASK106,Enable logic owner attribution,Mark original creator in file,pending,v1,—,v1_csv,MISC
106,TASK107,Enable project-wide logic view,Full visual map of all logic,pending,v1,—,v1_csv,FRONTEND_ROUTES
107,TASK108,Setup plugin-like extensions,Enable dynamic loading of new logic,pending,v1,—,v1_csv,CORE_SETUP
108,TASK109,Add metadata parser,Pull info from docstrings,pending,v1,—,v1_csv,MISC
109,TASK110,Scan logic for sensitive info,Detect hardcoded keys/passwords,pending,v1,—,v1_csv,USER_MANAGEMENT
110,TASK111,Add AI code review option,Optional Copilot-style suggestions,pending,v1,—,v1_csv,FRONTEND_ROUTES
111,TASK112,Enable logic block comments,Inline review system,pending,v1,—,v1_csv,FRONTEND_ROUTES
112,TASK113,Enable zip structure validator,Detect folder mismatch in ZIP,pending,v1,—,v1_csv,MISC
113,TASK114,Export logic list to Excel,One-click Excel export,pending,v1,—,v1_csv,MISC
114,TASK115,Highlight logic change history,Git-style timeline,pending,v1,—,v1_csv,MISC
115,TASK116,Add logic tags (public/internal),Restrict visibility,pending,v1,—,v1_csv,MISC
116,TASK117,Enable group upload,Team-based submit flow,pending,v1,—,v1_csv,MISC
117,TASK118,Track unused DB tables,Compare models vs actual usage,pending,v1,—,v1_csv,MISC
118,TASK119,Add logic index page,Search all logic quickly,pending,v1,—,v1_csv,MISC
119,TASK120,Tag logic by route,Attach logic to specific route,pending,v1,—,v1_csv,MISC
120,TASK121,Enable logic QR share,Quick open via QR,pending,v1,—,v1_csv,MISC
121,TASK122,Add model-logic conflict detector,Check for missing relationships,pending,v1,—,v1_csv,MISC
122,TASK123,Add DB auto index suggester,Suggest DB indexes based on usage,pending,v1,—,v1_csv,MISC
123,TASK124,Scan for slow queries,Find ORM logic causing lag,pending,v1,—,v1_csv,MISC
124,TASK125,Create sync error dashboard,Track failed syncs,pending,v1,—,v1_csv,SYNC_AND_BACKUP
125,TASK126,Auto-patch route conflicts,Fix same-path routes automatically,pending,v1,—,v1_csv,MISC
126,TASK127,Enable AI logic summary,One-line logic description,pending,v1,—,v1_csv,MISC
127,TASK128,Setup static asset cache,Prevent stale JS/CSS,pending,v1,—,v1_csv,CORE_SETUP
128,TASK129,Sync docker logs to UI,View recent log output,pending,v1,—,v1_csv,SYNC_AND_BACKUP
129,TASK130,Enable ZIP previewer,Show contents before upload,pending,v1,—,v1_csv,FRONTEND_ROUTES
130,TASK131,Enable re-download option,Allow dev to redownload uploaded task,pending,v1,—,v1_csv,ADMIN_CONTROLS
131,TASK132,Track package.json deps,Sync frontend changes,pending,v1,—,v1_csv,SYNC_AND_BACKUP
132,TASK133,Add service-based grouping,Group logic under Hospital/Lab/etc.,pending,v1,—,v1_csv,PARTNER_ONBOARDING
133,TASK134,Enable logic copy tool,Quick duplicate and edit logic,pending,v1,—,v1_csv,MISC
134,TASK135,Add logic test runner,One-click run test for logic,pending,v1,—,v1_csv,MISC
135,TASK136,Auto lint + format pre-upload,Prevent messy code,pending,v1,—,v1_csv,FRONTEND_ROUTES
136,TASK137,Add celery task monitor,View active/retry/failed tasks,pending,v1,—,v1_csv,FRONTEND_ROUTES
137,TASK138,Enable context tagging,Show where logic is called,pending,v1,—,v1_csv,MISC
138,TASK139,Add live stats on dev bucket,Show submissions/hour,pending,v1,—,v1_csv,MISC
139,TASK140,Add schema auto sync,DB model → JSON schema push,pending,v1,—,v1_csv,SYNC_AND_BACKUP
140,TASK141,Create post-submit checklist,Must pass before success,pending,v1,—,v1_csv,MISC
141,TASK142,Scan logic for TODOs,Unfinished items,pending,v1,—,v1_csv,MISC
142,TASK143,Mark critical logic files,Prevent deletion,pending,v1,—,v1_csv,MISC
143,TASK144,Sync scan report to admin,Email summary,pending,v1,—,v1_csv,NOTIFICATION_SYSTEM
144,TASK145,Auto mark deprecated logic,Based on age or tags,pending,v1,—,v1_csv,MISC
145,TASK146,Create logic doc generator,Auto markdown for each file,pending,v1,—,v1_csv,MISC
146,TASK147,Tag UI usage per logic,Used in modal/home/profile,pending,v1,—,v1_csv,USER_MANAGEMENT
147,TASK148,Link Figma ID to UI tasks,Track UI from Figma,pending,v1,—,v1_csv,ADMIN_CONTROLS
148,TASK149,Enable priority override,Admin push logic to top,pending,v1,—,v1_csv,ADMIN_CONTROLS
149,TASK150,Enable flag for blocked task,Needs approval/clarity,pending,v1,—,v1_csv,ADMIN_CONTROLS
150,TASK151,Enable logic A/B testing,Try multiple versions,pending,v1,—,v1_csv,MISC
151,TASK152,Setup end-to-end test tracker,Link tasks to Cypress/Playwright,pending,v1,—,v1_csv,CORE_SETUP
152,TASK153,Enable component reuse checker,Scan for redundant UI,pending,v1,—,v1_csv,MISC
153,TASK154,Enable logic folder ownership,Lock per team,pending,v1,—,v1_csv,MISC
154,TASK155,Add sync report preview,Before final submit,pending,v1,—,v1_csv,SYNC_AND_BACKUP
155,TASK156,Add AI suggest missing files,Zip upload validator,pending,v1,—,v1_csv,MISC
156,TASK157,Build modular test scaffold,Template for unit tests,pending,v1,—,v1_csv,FRONTEND_ROUTES
157,TASK158,Enable logic notify webhook,Ping on success,pending,v1,—,v1_csv,MISC
158,TASK159,Add contribution heatmap,Calendar view,pending,v1,—,v1_csv,FRONTEND_ROUTES
159,TASK160,Add function-level annotation,Inline explanations,pending,v1,—,v1_csv,MISC
160,TASK161,Enable error trace attach,Dev can attach traceback,pending,v1,—,v1_csv,MISC
161,TASK162,Enable logic submission notes,Dev optional explanation,pending,v1,—,v1_csv,MISC
162,TASK163,Enable code search by keyword,VS Code style,pending,v1,—,v1_csv,MISC
163,TASK164,Enable logic export via API,For documentation use,pending,v1,—,v1_csv,MISC
164,TASK165,Enable smart ZIP name validation,Check format,pending,v1,—,v1_csv,FRONTEND_ROUTES
165,TASK166,Enable logic inheritance map,Parent-child functions,pending,v1,—,v1_csv,MISC
166,TASK167,Mark test-blocked logic,Awaiting test infra,pending,v1,—,v1_csv,MISC
167,TASK168,Show sync history per logic,Past submit timeline,pending,v1,—,v1_csv,SYNC_AND_BACKUP
168,TASK169,Enable ZIP → folder unpacker,Auto extract and compare,pending,v1,—,v1_csv,MISC
169,TASK170,Track logic response time,From request to DB,pending,v1,—,v1_csv,MISC
170,TASK171,Add zip checksum validator,Detect upload corruption,pending,v1,—,v1_csv,MISC
171,TASK172,Enable celery job retry viewer,See retry count/reason,pending,v1,—,v1_csv,FRONTEND_ROUTES
172,TASK173,Enable API schema visualizer,FastAPI auto-doc,pending,v1,—,v1_csv,MISC
173,TASK174,Enable broken route tracker,Dead endpoints,pending,v1,—,v1_csv,MISC
174,TASK175,Enable sync summary alert,Popup after every task,pending,v1,—,v1_csv,NOTIFICATION_SYSTEM
175,TASK176,Sync final logic to prod,Push to production after pass,pending,v1,—,v1_csv,SYNC_AND_BACKUP
176,TASK177,Enable system audit log,Track all changes,pending,v1,—,v1_csv,MISC
177,TASK178,Enable logic sync chain,Logic A depends on B etc.,pending,v1,—,v1_csv,SYNC_AND_BACKUP
178,TASK179,Track rejected tasks,History of rejected uploads,pending,v1,—,v1_csv,ADMIN_CONTROLS
179,TASK180,Show global progress bar,Dev/Task % overall,pending,v1,—,v1_csv,ADMIN_CONTROLS
180,TASK181,Enable VCS sync option,Sync to GitHub/Gitea,pending,v1,—,v1_csv,SYNC_AND_BACKUP
181,TASK182,Enable smart link to task,Open task from commit,pending,v1,—,v1_csv,ADMIN_CONTROLS
182,TASK183,Enable AI prompt assist,Auto fill ZIP reason,pending,v1,—,v1_csv,MISC
183,TASK184,Enable legacy ZIP importer,Auto convert V1 zip,pending,v1,—,v1_csv,MISC
184,TASK185,Enable component registry,UI component doc,pending,v1,—,v1_csv,MISC
185,TASK186,Enable cloud sync toggle,Enable S3 sync,pending,v1,—,v1_csv,SYNC_AND_BACKUP
186,TASK187,Enable fallback ZIP upload,Retry via browser,pending,v1,—,v1_csv,MISC
187,TASK188,Enable logic tag bulk edit,Change tags via UI,pending,v1,—,v1_csv,MISC
188,TASK189,Enable dev logic notes,Private notes per file,pending,v1,—,v1_csv,MISC
189,TASK190,Final task: Review & QA,End-to-end review of system,pending,v1,—,v1_csv,FRONTEND_ROUTES
190,TASK191,FastAPI + Jinja2 templating,Core platform architecture,pending,Core,—,pdf,FRONTEND_ROUTES
191,TASK192,PostgreSQL + Alembic migration,Database system setup,partial,Core,smartswasthya/alembic/env.py,pdf,CORE_SETUP
192,TASK193,Docker microservices,"Containers: smart_app, smart_db, smart_minio",partial,Core,smartswasthya/tools/trace_generator.py,pdf,SYNC_AND_BACKUP
193,TASK194,OTP System - Mobile + Email,OTP via Fast2SMS and Email cooldown,partial,Core,smartswasthya/blueprints/dev_bucket_routes.py,pdf,NOTIFICATION_SYSTEM
194,TASK195,Sync Logic Phase 1,Local → Server sync working,done,Core,smartswasthya/alembic/versions/085c13600c7d_add_dev_tasks_table.py,pdf,SYNC_AND_BACKUP
195,TASK196,Sync Logic Phase 2,Server → Node propagation,done,Core,smartswasthya/blueprints/sync_routes.py,pdf,SYNC_AND_BACKUP
196,TASK197,MinIO Chunk Logic,STEP 3-B implemented,done,Core,smartswasthya/logic/admin_trace_logic.py,pdf,SYNC_AND_BACKUP
197,TASK198,ABHA / Aadhaar Integration,Future Aadhaar linkage,pending,Core,—,pdf,KYC_WORKFLOWS
198,TASK199,File browser + editor,Ace/Monaco UI + File API,partial,Debug,smartswasthya/blueprints/dev_bucket_routes.py,pdf,MISC
199,TASK200,Patch directory logic,Upload & apply patches,done,Debug,smartswasthya/logic/admin_trace_logic.py,pdf,MISC
200,TASK201,Log tail via subprocess,WebSocket or subprocess stream logs,partial,Debug,smartswasthya/handler.py,pdf,MISC
201,TASK202,Smart Patch Suggestion,Auto-patch logic via AI,done,Debug,smartswasthya/routes/smartuser.py,pdf,MISC
202,TASK203,Side-by-side file diff,Visual comparison UI,partial,Debug,smartswasthya/blueprints/dev_bucket_routes.py,pdf,MISC
203,TASK204,DevBucket Phase 1,Basic engine + task files,done,DevBucket,smartswasthya/alembic/versions/085c13600c7d_add_dev_tasks_table.py,pdf,ADMIN_CONTROLS
204,TASK205,DevBucket Phase 2,"Gmail notifications, logs",pending,DevBucket,—,pdf,NOTIFICATION_SYSTEM
205,TASK206,DevBucket Phase 3-A,Instruction editor approval UI,pending,DevBucket,—,pdf,MISC
206,TASK207,DevBucket Phase 3-B,Auto-slide pending → visible,pending,DevBucket,—,pdf,MISC
207,TASK208,DevBucket Phase 3-C,Task reassignment logic,pending,DevBucket,—,pdf,ADMIN_CONTROLS
208,TASK209,DevBucket Phase 3-D,Admin UI panel,pending,DevBucket,—,pdf,KYC_WORKFLOWS
209,TASK210,DevBucket Phase 4,Smart priority + expiry alerts,done,DevBucket,smartswasthya/alembic/versions/4675d330ee7b_init_fresh_schema.py,pdf,NOTIFICATION_SYSTEM
210,TASK211,Model aliasing,SmartUser → User mapping,partial,Compat,smartswasthya/obvious_mapper.py,pdf,USER_MANAGEMENT
211,TASK212,Self-contained logics,"moderator.py, token_manager.py, email_verification.py",pending,Compat,—,pdf,KYC_WORKFLOWS
212,TASK213,Route-to-model trace,Auto-map routes to model usage,partial,Compat,smartswasthya/obvious_mapper.py,pdf,MISC
213,TASK214,Detected logic: get_db,Auto-detected from scan in smartswasthya/database.py,done,AutoScan,smartswasthya/database.py,auto_scan,CORE_SETUP
214,TASK215,Detected logic: check_router_imports,Auto-detected from scan in smartswasthya/handler.py,done,AutoScan,smartswasthya/handler.py,auto_scan,MISC
215,TASK216,Detected logic: check_main_app_entry,Auto-detected from scan in smartswasthya/handler.py,done,AutoScan,smartswasthya/handler.py,auto_scan,MISC
216,TASK217,Detected logic: check_structure_consistency,Auto-detected from scan in smartswasthya/handler.py,done,AutoScan,smartswasthya/handler.py,auto_scan,MISC
217,TASK218,Detected logic: find_duplicate_routes,Auto-detected from scan in smartswasthya/handler.py,done,AutoScan,smartswasthya/handler.py,auto_scan,MISC
218,TASK219,Detected logic: log,Auto-detected from scan in smartswasthya/handler.py,done,AutoScan,smartswasthya/handler.py,auto_scan,MISC
219,TASK220,Detected logic: load_safe,Auto-detected from scan in smartswasthya/handler.py,done,AutoScan,smartswasthya/handler.py,auto_scan,MISC
220,TASK221,Detected logic: save_safe,Auto-detected from scan in smartswasthya/handler.py,done,AutoScan,smartswasthya/handler.py,auto_scan,MISC
221,TASK222,Detected logic: add_safe_folder,Auto-detected from scan in smartswasthya/handler.py,done,AutoScan,smartswasthya/handler.py,auto_scan,MISC
222,TASK223,Detected logic: update_tags,Auto-detected from scan in smartswasthya/handler.py,done,AutoScan,smartswasthya/handler.py,auto_scan,MISC
223,TASK224,Detected logic: full_scan,Auto-detected from scan in smartswasthya/handler.py,done,AutoScan,smartswasthya/handler.py,auto_scan,MISC
224,TASK225,Detected logic: trigger_reload,Auto-detected from scan in smartswasthya/handler.py,done,AutoScan,smartswasthya/handler.py,auto_scan,MISC
225,TASK226,Detected logic: generate_assist,Auto-detected from scan in smartswasthya/handler.py,done,AutoScan,smartswasthya/handler.py,auto_scan,MISC
226,TASK227,Detected logic: home,Auto-detected from scan in smartswasthya/handler.py,done,AutoScan,smartswasthya/handler.py,auto_scan,MISC
227,TASK228,Detected logic: rename_route,Auto-detected from scan in smartswasthya/handler.py,done,AutoScan,smartswasthya/handler.py,auto_scan,MISC
228,TASK229,Detected logic: command,Auto-detected from scan in smartswasthya/handler.py,done,AutoScan,smartswasthya/handler.py,auto_scan,MISC
229,TASK230,Detected logic: health,Auto-detected from scan in smartswasthya/main.py,done,AutoScan,smartswasthya/main.py,auto_scan,HEALTH_SERVICES
230,TASK231,Detected logic: ensure_all_inits,Auto-detected from scan in smartswasthya/obvious_mapper.py,done,AutoScan,smartswasthya/obvious_mapper.py,auto_scan,CORE_SETUP
231,TASK232,Detected logic: extract_classes_from_model,Auto-detected from scan in smartswasthya/obvious_mapper.py,done,AutoScan,smartswasthya/obvious_mapper.py,auto_scan,MISC
232,TASK233,Detected logic: generate_model_trace,Auto-detected from scan in smartswasthya/obvious_mapper.py,done,AutoScan,smartswasthya/obvious_mapper.py,auto_scan,MISC
233,TASK234,Detected logic: run,Auto-detected from scan in smartswasthya/obvious_mapper.py,done,AutoScan,smartswasthya/obvious_mapper.py,auto_scan,MISC
234,TASK235,Detected logic: register_section,Auto-detected from scan in smartswasthya/obvious_mapper.py,done,AutoScan,smartswasthya/obvious_mapper.py,auto_scan,USER_MANAGEMENT
235,TASK236,Detected logic: run_migrations_offline,Auto-detected from scan in smartswasthya/alembic/env.py,done,AutoScan,smartswasthya/alembic/env.py,auto_scan,CORE_SETUP
236,TASK237,Detected logic: run_migrations_online,Auto-detected from scan in smartswasthya/alembic/env.py,done,AutoScan,smartswasthya/alembic/env.py,auto_scan,CORE_SETUP
237,TASK238,Detected logic: upgrade,Auto-detected from scan in smartswasthya/alembic/versions/085c13600c7d_add_dev_tasks_table.py,done,AutoScan,smartswasthya/alembic/versions/085c13600c7d_add_dev_tasks_table.py,auto_scan,CORE_SETUP
238,TASK239,Detected logic: downgrade,Auto-detected from scan in smartswasthya/alembic/versions/085c13600c7d_add_dev_tasks_table.py,done,AutoScan,smartswasthya/alembic/versions/085c13600c7d_add_dev_tasks_table.py,auto_scan,CORE_SETUP
239,TASK240,Detected logic: get_file,Auto-detected from scan in smartswasthya/blueprints/dev_bucket_routes.py,done,AutoScan,smartswasthya/blueprints/dev_bucket_routes.py,auto_scan,MISC
240,TASK241,Detected logic: can_upload,Auto-detected from scan in smartswasthya/blueprints/dev_bucket_routes.py,done,AutoScan,smartswasthya/blueprints/dev_bucket_routes.py,auto_scan,MISC
241,TASK242,Detected logic: ping,Auto-detected from scan in smartswasthya/blueprints/dev_bucket_routes.py,done,AutoScan,smartswasthya/blueprints/dev_bucket_routes.py,auto_scan,MISC
242,TASK243,Detected logic: get_system_tasks,Auto-detected from scan in smartswasthya/blueprints/dev_bucket_routes.py,done,AutoScan,smartswasthya/blueprints/dev_bucket_routes.py,auto_scan,ADMIN_CONTROLS
243,TASK244,Detected logic: dev_bucket_ui,Auto-detected from scan in smartswasthya/blueprints/dev_bucket_routes.py,done,AutoScan,smartswasthya/blueprints/dev_bucket_routes.py,auto_scan,MISC
244,TASK245,Detected logic: sync_placeholder,Auto-detected from scan in smartswasthya/blueprints/sync_routes.py,done,AutoScan,smartswasthya/blueprints/sync_routes.py,auto_scan,SYNC_AND_BACKUP
245,TASK246,Detected logic: scan_modified,Auto-detected from scan in smartswasthya/console_refactor/console_routes.py,done,AutoScan,smartswasthya/console_refactor/console_routes.py,auto_scan,MISC
246,TASK247,Detected logic: retry_sync,Auto-detected from scan in smartswasthya/console_refactor/console_routes.py,done,AutoScan,smartswasthya/console_refactor/console_routes.py,auto_scan,SYNC_AND_BACKUP
247,TASK248,Detected logic: run_dev_console,Auto-detected from scan in smartswasthya/console_refactor/console_runner.py,done,AutoScan,smartswasthya/console_refactor/console_runner.py,auto_scan,MISC
248,TASK249,Detected logic: should_skip_path,Auto-detected from scan in smartswasthya/console_refactor/console_utils.py,done,AutoScan,smartswasthya/console_refactor/console_utils.py,auto_scan,MISC
249,TASK250,Detected logic: get_files_modified_between,Auto-detected from scan in smartswasthya/console_refactor/console_utils.py,done,AutoScan,smartswasthya/console_refactor/console_utils.py,auto_scan,MISC
250,TASK251,Detected logic: load_retry_list,Auto-detected from scan in smartswasthya/console_refactor/console_utils.py,done,AutoScan,smartswasthya/console_refactor/console_utils.py,auto_scan,MISC
251,TASK252,Detected logic: generate_console_log,Auto-detected from scan in smartswasthya/console_refactor/console_utils.py,done,AutoScan,smartswasthya/console_refactor/console_utils.py,auto_scan,MISC
252,TASK253,Detected logic: set_permission,Auto-detected from scan in smartswasthya/logic/admin_trace_logic.py,done,AutoScan,smartswasthya/logic/admin_trace_logic.py,auto_scan,ADMIN_CONTROLS
253,TASK254,Detected logic: get_permissions,Auto-detected from scan in smartswasthya/logic/admin_trace_logic.py,done,AutoScan,smartswasthya/logic/admin_trace_logic.py,auto_scan,ADMIN_CONTROLS
254,TASK255,Detected logic: reset_permissions,Auto-detected from scan in smartswasthya/logic/admin_trace_logic.py,done,AutoScan,smartswasthya/logic/admin_trace_logic.py,auto_scan,ADMIN_CONTROLS
255,TASK256,Detected logic: get_active_developers_with_permissions,Auto-detected from scan in smartswasthya/logic/admin_trace_logic.py,done,AutoScan,smartswasthya/logic/admin_trace_logic.py,auto_scan,ADMIN_CONTROLS
256,TASK257,Detected logic: get_current_user,Auto-detected from scan in smartswasthya/logic/auth.py,done,AutoScan,smartswasthya/logic/auth.py,auto_scan,USER_MANAGEMENT
257,TASK258,Detected logic: verify_password,Auto-detected from scan in smartswasthya/logic/auth.py,done,AutoScan,smartswasthya/logic/auth.py,auto_scan,USER_MANAGEMENT
258,TASK259,Detected logic: get_password_hash,Auto-detected from scan in smartswasthya/logic/auth.py,done,AutoScan,smartswasthya/logic/auth.py,auto_scan,USER_MANAGEMENT
259,TASK260,Detected logic: authenticate_user,Auto-detected from scan in smartswasthya/logic/auth.py,done,AutoScan,smartswasthya/logic/auth.py,auto_scan,USER_MANAGEMENT
260,TASK261,Detected logic: create_access_token,Auto-detected from scan in smartswasthya/logic/auth.py,done,AutoScan,smartswasthya/logic/auth.py,auto_scan,USER_MANAGEMENT
261,TASK262,Detected logic: register_user_logic,Auto-detected from scan in smartswasthya/logic/auth.py,done,AutoScan,smartswasthya/logic/auth.py,auto_scan,USER_MANAGEMENT
262,TASK263,Detected logic: decode_token,Auto-detected from scan in smartswasthya/logic/auth.py,done,AutoScan,smartswasthya/logic/auth.py,auto_scan,USER_MANAGEMENT
263,TASK264,Detected logic: fetch_all_tasks,Auto-detected from scan in smartswasthya/logic/dev_bucket_logic.py,done,AutoScan,smartswasthya/logic/dev_bucket_logic.py,auto_scan,ADMIN_CONTROLS
264,TASK265,Detected logic: get_task_details,Auto-detected from scan in smartswasthya/logic/dev_bucket_logic.py,done,AutoScan,smartswasthya/logic/dev_bucket_logic.py,auto_scan,ADMIN_CONTROLS
265,TASK266,Detected logic: submit_task_result,Auto-detected from scan in smartswasthya/logic/dev_bucket_logic.py,done,AutoScan,smartswasthya/logic/dev_bucket_logic.py,auto_scan,ADMIN_CONTROLS
266,TASK267,Detected logic: add,Auto-detected from scan in smartswasthya/logic/dummy_task.py,done,AutoScan,smartswasthya/logic/dummy_task.py,auto_scan,ADMIN_CONTROLS
267,TASK268,Detected logic: can_resend_otp,Auto-detected from scan in smartswasthya/logic/email_otp_logic.py,done,AutoScan,smartswasthya/logic/email_otp_logic.py,auto_scan,NOTIFICATION_SYSTEM
268,TASK269,Detected logic: send_email_otp_logic,Auto-detected from scan in smartswasthya/logic/email_otp_logic.py,done,AutoScan,smartswasthya/logic/email_otp_logic.py,auto_scan,NOTIFICATION_SYSTEM
269,TASK270,Detected logic: verify_email_otp_logic,Auto-detected from scan in smartswasthya/logic/email_otp_logic.py,done,AutoScan,smartswasthya/logic/email_otp_logic.py,auto_scan,NOTIFICATION_SYSTEM
270,TASK271,Detected logic: send_email,Auto-detected from scan in smartswasthya/logic/email_otp_logic.py,done,AutoScan,smartswasthya/logic/email_otp_logic.py,auto_scan,NOTIFICATION_SYSTEM
271,TASK272,Detected logic: get_user_by_email,Auto-detected from scan in smartswasthya/logic/helper.py,done,AutoScan,smartswasthya/logic/helper.py,auto_scan,USER_MANAGEMENT
272,TASK273,Detected logic: generate_tags,Auto-detected from scan in smartswasthya/logic/instruction_logic.py,done,AutoScan,smartswasthya/logic/instruction_logic.py,auto_scan,MISC
273,TASK274,Detected logic: determine_priority,Auto-detected from scan in smartswasthya/logic/instruction_logic.py,done,AutoScan,smartswasthya/logic/instruction_logic.py,auto_scan,MISC
274,TASK275,Detected logic: determine_module_type,Auto-detected from scan in smartswasthya/logic/instruction_logic.py,done,AutoScan,smartswasthya/logic/instruction_logic.py,auto_scan,MISC
275,TASK276,Detected logic: infer_route,Auto-detected from scan in smartswasthya/logic/instruction_logic.py,done,AutoScan,smartswasthya/logic/instruction_logic.py,auto_scan,MISC
276,TASK277,Detected logic: load_tasks,Auto-detected from scan in smartswasthya/logic/instruction_logic.py,done,AutoScan,smartswasthya/logic/instruction_logic.py,auto_scan,ADMIN_CONTROLS
277,TASK278,Detected logic: enrich_tasks,Auto-detected from scan in smartswasthya/logic/instruction_logic.py,done,AutoScan,smartswasthya/logic/instruction_logic.py,auto_scan,ADMIN_CONTROLS
278,TASK279,Detected logic: save_enriched_tasks,Auto-detected from scan in smartswasthya/logic/instruction_logic.py,done,AutoScan,smartswasthya/logic/instruction_logic.py,auto_scan,ADMIN_CONTROLS
279,TASK280,Detected logic: generate_instruction,Auto-detected from scan in smartswasthya/logic/instruction_logic.py,done,AutoScan,smartswasthya/logic/instruction_logic.py,auto_scan,MISC
280,TASK281,Detected logic: save_instruction_set,Auto-detected from scan in smartswasthya/logic/instruction_logic.py,done,AutoScan,smartswasthya/logic/instruction_logic.py,auto_scan,MISC
281,TASK282,Detected logic: build_sample_instruction_set,Auto-detected from scan in smartswasthya/logic/instruction_logic.py,done,AutoScan,smartswasthya/logic/instruction_logic.py,auto_scan,DEVOPS_AND_DOCKER
282,TASK283,Detected logic: scan_files_between,Auto-detected from scan in smartswasthya/logic/scan_logic.py,done,AutoScan,smartswasthya/logic/scan_logic.py,auto_scan,MISC
283,TASK284,Detected logic: get_synced_files,Auto-detected from scan in smartswasthya/logic/sync_logic.py,done,AutoScan,smartswasthya/logic/sync_logic.py,auto_scan,SYNC_AND_BACKUP
284,TASK285,Detected logic: load_retry_files,Auto-detected from scan in smartswasthya/logic/sync_retry_logic.py,done,AutoScan,smartswasthya/logic/sync_retry_logic.py,auto_scan,SYNC_AND_BACKUP
285,TASK286,Detected logic: scp_file,Auto-detected from scan in smartswasthya/logic/sync_retry_logic.py,done,AutoScan,smartswasthya/logic/sync_retry_logic.py,auto_scan,SYNC_AND_BACKUP
286,TASK287,Detected logic: retry_sync_logic,Auto-detected from scan in smartswasthya/logic/sync_retry_logic.py,done,AutoScan,smartswasthya/logic/sync_retry_logic.py,auto_scan,SYNC_AND_BACKUP
287,TASK288,Detected logic: trigger_cleanup_task,Auto-detected from scan in smartswasthya/logic/task_logic.py,done,AutoScan,smartswasthya/logic/task_logic.py,auto_scan,ADMIN_CONTROLS
288,TASK289,Detected logic: trigger_cleanup_test,Auto-detected from scan in smartswasthya/logic/task_logic.py,done,AutoScan,smartswasthya/logic/task_logic.py,auto_scan,ADMIN_CONTROLS
289,TASK290,Detected logic: get_task_status,Auto-detected from scan in smartswasthya/logic/task_logic.py,done,AutoScan,smartswasthya/logic/task_logic.py,auto_scan,ADMIN_CONTROLS
290,TASK291,Detected logic: clean_string,Auto-detected from scan in smartswasthya/logic/utils.py,done,AutoScan,smartswasthya/logic/utils.py,auto_scan,MISC
291,TASK292,Detected logic: admin_only,Auto-detected from scan in smartswasthya/middleware/token_validator.py,done,AutoScan,smartswasthya/middleware/token_validator.py,auto_scan,ADMIN_CONTROLS
292,TASK293,Detected logic: developer_only,Auto-detected from scan in smartswasthya/middleware/token_validator.py,done,AutoScan,smartswasthya/middleware/token_validator.py,auto_scan,MISC
293,TASK294,Detected logic: should_check,Auto-detected from scan in smartswasthya/odil/generate_code_trace.py,done,AutoScan,smartswasthya/odil/generate_code_trace.py,auto_scan,MISC
294,TASK295,Detected logic: get_all_python_files,Auto-detected from scan in smartswasthya/odil/generate_code_trace.py,done,AutoScan,smartswasthya/odil/generate_code_trace.py,auto_scan,MISC
295,TASK296,Detected logic: extract_functions,Auto-detected from scan in smartswasthya/odil/generate_code_trace.py,done,AutoScan,smartswasthya/odil/generate_code_trace.py,auto_scan,MISC
296,TASK297,Detected logic: extract_classes,Auto-detected from scan in smartswasthya/odil/generate_code_trace.py,done,AutoScan,smartswasthya/odil/generate_code_trace.py,auto_scan,MISC
297,TASK298,Detected logic: generate_code_trace,Auto-detected from scan in smartswasthya/odil/generate_code_trace.py,done,AutoScan,smartswasthya/odil/generate_code_trace.py,auto_scan,MISC
298,TASK299,Detected logic: get_all_py_files,Auto-detected from scan in smartswasthya/odil/generate_function_usage_map.py,done,AutoScan,smartswasthya/odil/generate_function_usage_map.py,auto_scan,MISC
299,TASK300,Detected logic: extract_defined_functions,Auto-detected from scan in smartswasthya/odil/generate_function_usage_map.py,done,AutoScan,smartswasthya/odil/generate_function_usage_map.py,auto_scan,MISC
300,TASK301,Detected logic: track_function_usage,Auto-detected from scan in smartswasthya/odil/generate_function_usage_map.py,done,AutoScan,smartswasthya/odil/generate_function_usage_map.py,auto_scan,MISC
301,TASK302,Detected logic: scan_template_usage,Auto-detected from scan in smartswasthya/odil/generate_function_usage_map.py,done,AutoScan,smartswasthya/odil/generate_function_usage_map.py,auto_scan,FRONTEND_ROUTES
302,TASK303,Detected logic: extract_definitions,Auto-detected from scan in smartswasthya/odil/generate_logic_trace.py,done,AutoScan,smartswasthya/odil/generate_logic_trace.py,auto_scan,CORE_SETUP
303,TASK304,Detected logic: generate_logic_trace,Auto-detected from scan in smartswasthya/odil/generate_logic_trace.py,done,AutoScan,smartswasthya/odil/generate_logic_trace.py,auto_scan,MISC
304,TASK305,Detected logic: extract_model_classes,Auto-detected from scan in smartswasthya/odil/generate_model_trace.py,done,AutoScan,smartswasthya/odil/generate_model_trace.py,auto_scan,MISC
305,TASK306,Detected logic: scan_model_usage,Auto-detected from scan in smartswasthya/odil/generate_model_trace.py,done,AutoScan,smartswasthya/odil/generate_model_trace.py,auto_scan,MISC
306,TASK307,Detected logic: read_json,Auto-detected from scan in smartswasthya/odil/generate_obvious_connections.py,done,AutoScan,smartswasthya/odil/generate_obvious_connections.py,auto_scan,MISC
307,TASK308,Detected logic: template_exists,Auto-detected from scan in smartswasthya/odil/generate_route_trace.py,done,AutoScan,smartswasthya/odil/generate_route_trace.py,auto_scan,FRONTEND_ROUTES
308,TASK309,Detected logic: extract_route_info,Auto-detected from scan in smartswasthya/odil/generate_route_trace.py,done,AutoScan,smartswasthya/odil/generate_route_trace.py,auto_scan,MISC
309,TASK310,Detected logic: generate_route_trace,Auto-detected from scan in smartswasthya/odil/generate_route_trace.py,done,AutoScan,smartswasthya/odil/generate_route_trace.py,auto_scan,MISC
310,TASK311,Detected logic: get_all_templates,Auto-detected from scan in smartswasthya/odil/generate_template_trace.py,done,AutoScan,smartswasthya/odil/generate_template_trace.py,auto_scan,FRONTEND_ROUTES
311,TASK312,Detected logic: generate_template_trace,Auto-detected from scan in smartswasthya/odil/generate_template_trace.py,done,AutoScan,smartswasthya/odil/generate_template_trace.py,auto_scan,FRONTEND_ROUTES
312,TASK313,Detected logic: get_model_summary,Auto-detected from scan in smartswasthya/odil/model_trace.py,done,AutoScan,smartswasthya/odil/model_trace.py,auto_scan,MISC
313,TASK314,Detected logic: load_file_lines,Auto-detected from scan in smartswasthya/records/records.py,done,AutoScan,smartswasthya/records/records.py,auto_scan,HEALTH_SERVICES
314,TASK315,Detected logic: compare_files,Auto-detected from scan in smartswasthya/records/records.py,done,AutoScan,smartswasthya/records/records.py,auto_scan,HEALTH_SERVICES
315,TASK316,Detected logic: write_backup,Auto-detected from scan in smartswasthya/records/records.py,done,AutoScan,smartswasthya/records/records.py,auto_scan,HEALTH_SERVICES
316,TASK317,Detected logic: get_log_file_path,Auto-detected from scan in smartswasthya/records/records.py,done,AutoScan,smartswasthya/records/records.py,auto_scan,HEALTH_SERVICES
317,TASK318,Detected logic: record_deletion,Auto-detected from scan in smartswasthya/records/records.py,done,AutoScan,smartswasthya/records/records.py,auto_scan,HEALTH_SERVICES
318,TASK319,Detected logic: main,Auto-detected from scan in smartswasthya/records/records.py,done,AutoScan,smartswasthya/records/records.py,auto_scan,HEALTH_SERVICES
319,TASK320,Detected logic: setup_app,Auto-detected from scan in smartswasthya/registry/app_registry.py,done,AutoScan,smartswasthya/registry/app_registry.py,auto_scan,CORE_SETUP
320,TASK321,Detected logic: ping_account,Auto-detected from scan in smartswasthya/routes/account_routes.py,done,AutoScan,smartswasthya/routes/account_routes.py,auto_scan,MISC
321,TASK322,Detected logic: set_permission_route,Auto-detected from scan in smartswasthya/routes/admin_trace_routes.py,done,AutoScan,smartswasthya/routes/admin_trace_routes.py,auto_scan,ADMIN_CONTROLS
322,TASK323,Detected logic: dev_context,Auto-detected from scan in smartswasthya/routes/admin_trace_routes.py,done,AutoScan,smartswasthya/routes/admin_trace_routes.py,auto_scan,ADMIN_CONTROLS
323,TASK324,Detected logic: get_permission_route,Auto-detected from scan in smartswasthya/routes/admin_trace_routes.py,done,AutoScan,smartswasthya/routes/admin_trace_routes.py,auto_scan,ADMIN_CONTROLS
324,TASK325,Detected logic: ping_alerts,Auto-detected from scan in smartswasthya/routes/alerts_routes.py,done,AutoScan,smartswasthya/routes/alerts_routes.py,auto_scan,NOTIFICATION_SYSTEM
325,TASK326,Detected logic: ping_awareness,Auto-detected from scan in smartswasthya/routes/awareness_window_routes.py,done,AutoScan,smartswasthya/routes/awareness_window_routes.py,auto_scan,MISC
326,TASK327,Detected logic: send_email_otp,Auto-detected from scan in smartswasthya/routes/email_otp.py,done,AutoScan,smartswasthya/routes/email_otp.py,auto_scan,NOTIFICATION_SYSTEM
327,TASK328,Detected logic: verify_email_otp,Auto-detected from scan in smartswasthya/routes/email_otp.py,done,AutoScan,smartswasthya/routes/email_otp.py,auto_scan,NOTIFICATION_SYSTEM
328,TASK329,Detected logic: extended_health,Auto-detected from scan in smartswasthya/routes/health.py,done,AutoScan,smartswasthya/routes/health.py,auto_scan,HEALTH_SERVICES
329,TASK330,Detected logic: ping_home,Auto-detected from scan in smartswasthya/routes/home_routes.py,done,AutoScan,smartswasthya/routes/home_routes.py,auto_scan,MISC
330,TASK331,Detected logic: ping_identity,Auto-detected from scan in smartswasthya/routes/identity_routes.py,done,AutoScan,smartswasthya/routes/identity_routes.py,auto_scan,MISC
331,TASK332,Detected logic: hello,Auto-detected from scan in smartswasthya/routes/index_routes.py,done,AutoScan,smartswasthya/routes/index_routes.py,auto_scan,MISC
332,TASK333,Detected logic: ping_login,Auto-detected from scan in smartswasthya/routes/login_routes.py,done,AutoScan,smartswasthya/routes/login_routes.py,auto_scan,USER_MANAGEMENT
333,TASK334,Detected logic: ping_partner_docs,Auto-detected from scan in smartswasthya/routes/partner_docs_routes.py,done,AutoScan,smartswasthya/routes/partner_docs_routes.py,auto_scan,PARTNER_ONBOARDING
334,TASK335,Detected logic: ping_partner,Auto-detected from scan in smartswasthya/routes/partner_routes.py,done,AutoScan,smartswasthya/routes/partner_routes.py,auto_scan,PARTNER_ONBOARDING
335,TASK336,Detected logic: ping_profile,Auto-detected from scan in smartswasthya/routes/profile_routes.py,done,AutoScan,smartswasthya/routes/profile_routes.py,auto_scan,USER_MANAGEMENT
336,TASK337,Detected logic: demo_root,Auto-detected from scan in smartswasthya/routes/routes.py,done,AutoScan,smartswasthya/routes/routes.py,auto_scan,MISC
337,TASK338,Detected logic: ping_settings,Auto-detected from scan in smartswasthya/routes/settings_routes.py,done,AutoScan,smartswasthya/routes/settings_routes.py,auto_scan,MISC
338,TASK339,Detected logic: ping_signup,Auto-detected from scan in smartswasthya/routes/signup_routes.py,done,AutoScan,smartswasthya/routes/signup_routes.py,auto_scan,USER_MANAGEMENT
339,TASK340,Detected logic: register,Auto-detected from scan in smartswasthya/routes/smartuser.py,done,AutoScan,smartswasthya/routes/smartuser.py,auto_scan,USER_MANAGEMENT
340,TASK341,Detected logic: login,Auto-detected from scan in smartswasthya/routes/smartuser.py,done,AutoScan,smartswasthya/routes/smartuser.py,auto_scan,USER_MANAGEMENT
341,TASK342,Detected logic: ping_dashboard,Auto-detected from scan in smartswasthya/routes/smartuser_dashboard_routes.py,done,AutoScan,smartswasthya/routes/smartuser_dashboard_routes.py,auto_scan,USER_MANAGEMENT
342,TASK343,Detected logic: ping_smart_user,Auto-detected from scan in smartswasthya/routes/smart_user_routes.py,done,AutoScan,smartswasthya/routes/smart_user_routes.py,auto_scan,USER_MANAGEMENT
343,TASK344,Detected logic: run_task,Auto-detected from scan in smartswasthya/routes/task_runner.py,done,AutoScan,smartswasthya/routes/task_runner.py,auto_scan,ADMIN_CONTROLS
344,TASK345,Detected logic: cleanup_test,Auto-detected from scan in smartswasthya/routes/task_runner.py,done,AutoScan,smartswasthya/routes/task_runner.py,auto_scan,ADMIN_CONTROLS
345,TASK346,Detected logic: check_task_status,Auto-detected from scan in smartswasthya/routes/task_runner.py,done,AutoScan,smartswasthya/routes/task_runner.py,auto_scan,ADMIN_CONTROLS
346,TASK347,Detected logic: ping_track,Auto-detected from scan in smartswasthya/routes/track_routes.py,done,AutoScan,smartswasthya/routes/track_routes.py,auto_scan,MISC
347,TASK348,Detected logic: ping_user_profile,Auto-detected from scan in smartswasthya/routes/user_profile_routes.py,done,AutoScan,smartswasthya/routes/user_profile_routes.py,auto_scan,USER_MANAGEMENT
348,TASK349,Detected logic: register_user,Auto-detected from scan in smartswasthya/routes/user_routes.py,done,AutoScan,smartswasthya/routes/user_routes.py,auto_scan,USER_MANAGEMENT
349,TASK350,Detected logic: ping_verification,Auto-detected from scan in smartswasthya/routes/verification_routes.py,done,AutoScan,smartswasthya/routes/verification_routes.py,auto_scan,KYC_WORKFLOWS
350,TASK351,Detected logic: ping_dev_api,Auto-detected from scan in smartswasthya/routes/dev/api_routes.py,done,AutoScan,smartswasthya/routes/dev/api_routes.py,auto_scan,MISC
351,TASK352,Detected logic: ping_dev_db,Auto-detected from scan in smartswasthya/routes/dev/database_routes.py,done,AutoScan,smartswasthya/routes/dev/database_routes.py,auto_scan,CORE_SETUP
352,TASK353,Detected logic: ping_dev_editor,Auto-detected from scan in smartswasthya/routes/dev/editor_routes.py,done,AutoScan,smartswasthya/routes/dev/editor_routes.py,auto_scan,MISC
353,TASK354,Detected logic: ping_dev_routes,Auto-detected from scan in smartswasthya/routes/dev/routes_routes.py,done,AutoScan,smartswasthya/routes/dev/routes_routes.py,auto_scan,MISC
354,TASK355,Detected logic: ping_dev_token,Auto-detected from scan in smartswasthya/routes/dev/token_routes.py,done,AutoScan,smartswasthya/routes/dev/token_routes.py,auto_scan,MISC
355,TASK356,Detected logic: ping_retry_handler,Auto-detected from scan in smartswasthya/routes/dev/sync/retry_handler.py,done,AutoScan,smartswasthya/routes/dev/sync/retry_handler.py,auto_scan,SYNC_AND_BACKUP
356,TASK357,Detected logic: list_all_python_files,Auto-detected from scan in smartswasthya/routes/dev/sync/scan.py,done,AutoScan,smartswasthya/routes/dev/sync/scan.py,auto_scan,SYNC_AND_BACKUP
357,TASK358,Detected logic: scan_by_time,Auto-detected from scan in smartswasthya/routes/dev/sync/scan.py,done,AutoScan,smartswasthya/routes/dev/sync/scan.py,auto_scan,SYNC_AND_BACKUP
358,TASK359,Detected logic: cleanup_old_files,Auto-detected from scan in smartswasthya/tasks/cleanup_task.py,done,AutoScan,smartswasthya/tasks/cleanup_task.py,auto_scan,ADMIN_CONTROLS
359,TASK360,Detected logic: landing_page_template,Auto-detected from scan in smartswasthya/templates/templates.py,done,AutoScan,smartswasthya/templates/templates.py,auto_scan,FRONTEND_ROUTES
360,TASK361,Detected logic: setup_temp_dirs,Auto-detected from scan in smartswasthya/tools/checker_tool.py,done,AutoScan,smartswasthya/tools/checker_tool.py,auto_scan,CORE_SETUP
361,TASK362,Detected logic: extract_all,Auto-detected from scan in smartswasthya/tools/checker_tool.py,done,AutoScan,smartswasthya/tools/checker_tool.py,auto_scan,MISC
362,TASK363,Detected logic: compare_python_files,Auto-detected from scan in smartswasthya/tools/checker_tool.py,done,AutoScan,smartswasthya/tools/checker_tool.py,auto_scan,MISC
363,TASK364,Detected logic: run_checker,Auto-detected from scan in smartswasthya/tools/checker_tool.py,done,AutoScan,smartswasthya/tools/checker_tool.py,auto_scan,MISC
364,TASK365,Detected logic: load_all_instructions,Auto-detected from scan in smartswasthya/tools/developer_task_loader.py,done,AutoScan,smartswasthya/tools/developer_task_loader.py,auto_scan,ADMIN_CONTROLS
365,TASK366,Detected logic: get_instruction_by_index,Auto-detected from scan in smartswasthya/tools/developer_task_loader.py,done,AutoScan,smartswasthya/tools/developer_task_loader.py,auto_scan,ADMIN_CONTROLS
366,TASK367,Detected logic: generate_dev_bucket_submission,Auto-detected from scan in smartswasthya/tools/developer_task_loader.py,done,AutoScan,smartswasthya/tools/developer_task_loader.py,auto_scan,ADMIN_CONTROLS
367,TASK368,Detected logic: extract_requirements,Auto-detected from scan in smartswasthya/tools/gen_requirements.py,done,AutoScan,smartswasthya/tools/gen_requirements.py,auto_scan,MISC
368,TASK369,Detected logic: create_custom_instruction,Auto-detected from scan in smartswasthya/tools/instruction_editor.py,done,AutoScan,smartswasthya/tools/instruction_editor.py,auto_scan,MISC
369,TASK370,Detected logic: build_sample,Auto-detected from scan in smartswasthya/tools/instruction_editor.py,done,AutoScan,smartswasthya/tools/instruction_editor.py,auto_scan,DEVOPS_AND_DOCKER
370,TASK371,Detected logic: view_admin_review_queue,Auto-detected from scan in smartswasthya/tools/instruction_editor.py,done,AutoScan,smartswasthya/tools/instruction_editor.py,auto_scan,FRONTEND_ROUTES
371,TASK372,Detected logic: load_registry,Auto-detected from scan in smartswasthya/tools/obvious_navigator.py,done,AutoScan,smartswasthya/tools/obvious_navigator.py,auto_scan,MISC
372,TASK373,Detected logic: list_python_files,Auto-detected from scan in smartswasthya/tools/obvious_navigator.py,done,AutoScan,smartswasthya/tools/obvious_navigator.py,auto_scan,MISC
373,TASK374,Detected logic: extract_functions_and_classes,Auto-detected from scan in smartswasthya/tools/obvious_navigator.py,done,AutoScan,smartswasthya/tools/obvious_navigator.py,auto_scan,MISC
374,TASK375,Detected logic: explore_all,Auto-detected from scan in smartswasthya/tools/obvious_navigator.py,done,AutoScan,smartswasthya/tools/obvious_navigator.py,auto_scan,MISC
375,TASK376,Detected logic: navigate,Auto-detected from scan in smartswasthya/tools/obvious_navigator.py,done,AutoScan,smartswasthya/tools/obvious_navigator.py,auto_scan,MISC
376,TASK377,Detected logic: dynamic_import,Auto-detected from scan in smartswasthya/tools/obvious_router_registrar.py,done,AutoScan,smartswasthya/tools/obvious_router_registrar.py,auto_scan,MISC
377,TASK378,Detected logic: register_all_routes,Auto-detected from scan in smartswasthya/tools/obvious_router_registrar.py,done,AutoScan,smartswasthya/tools/obvious_router_registrar.py,auto_scan,USER_MANAGEMENT
378,TASK379,Detected logic: generate_routes_for_directory,Auto-detected from scan in smartswasthya/tools/obvious_route_generator.py,done,AutoScan,smartswasthya/tools/obvious_route_generator.py,auto_scan,MISC
379,TASK380,Detected logic: section,Auto-detected from scan in smartswasthya/tools/prelaunch_checker_v3.py,done,AutoScan,smartswasthya/tools/prelaunch_checker_v3.py,auto_scan,MISC
380,TASK381,Detected logic: scan_missing_init_py,Auto-detected from scan in smartswasthya/tools/prelaunch_checker_v3.py,done,AutoScan,smartswasthya/tools/prelaunch_checker_v3.py,auto_scan,CORE_SETUP
381,TASK382,Detected logic: scan_dynamic_imports,Auto-detected from scan in smartswasthya/tools/prelaunch_checker_v3.py,done,AutoScan,smartswasthya/tools/prelaunch_checker_v3.py,auto_scan,MISC
382,TASK383,Detected logic: scan_router_chain,Auto-detected from scan in smartswasthya/tools/prelaunch_checker_v3.py,done,AutoScan,smartswasthya/tools/prelaunch_checker_v3.py,auto_scan,MISC
383,TASK384,Detected logic: scan_placeholders,Auto-detected from scan in smartswasthya/tools/prelaunch_checker_v3.py,done,AutoScan,smartswasthya/tools/prelaunch_checker_v3.py,auto_scan,MISC
384,TASK385,Detected logic: check_essential_folders,Auto-detected from scan in smartswasthya/tools/prelaunch_checker_v3.py,done,AutoScan,smartswasthya/tools/prelaunch_checker_v3.py,auto_scan,MISC
385,TASK386,Detected logic: check_pyproject,Auto-detected from scan in smartswasthya/tools/prelaunch_checker_v3.py,done,AutoScan,smartswasthya/tools/prelaunch_checker_v3.py,auto_scan,MISC
386,TASK387,Detected logic: run_all_checks,Auto-detected from scan in smartswasthya/tools/prelaunch_checker_v3.py,done,AutoScan,smartswasthya/tools/prelaunch_checker_v3.py,auto_scan,MISC
387,TASK388,Detected logic: extract_keywords_from_instruction,Auto-detected from scan in smartswasthya/tools/trace_generator.py,done,AutoScan,smartswasthya/tools/trace_generator.py,auto_scan,MISC
388,TASK389,Detected logic: trace_keywords_in_handler,Auto-detected from scan in smartswasthya/tools/trace_generator.py,done,AutoScan,smartswasthya/tools/trace_generator.py,auto_scan,MISC
389,TASK390,Detected logic: check_docker_file_references,Auto-detected from scan in smartswasthya/tools/trace_generator.py,done,AutoScan,smartswasthya/tools/trace_generator.py,auto_scan,DEVOPS_AND_DOCKER
390,TASK391,Detected logic: write_trace_to_txt,Auto-detected from scan in smartswasthya/tools/trace_generator.py,done,AutoScan,smartswasthya/tools/trace_generator.py,auto_scan,MISC
391,TASK392,Detected logic: verify_function_in_js,Auto-detected from scan in smartswasthya/tools/ui_integrity_checker.py,done,AutoScan,smartswasthya/tools/ui_integrity_checker.py,auto_scan,MISC
392,TASK393,Detected logic: run_integrity_check,Auto-detected from scan in smartswasthya/tools/ui_integrity_checker.py,done,AutoScan,smartswasthya/tools/ui_integrity_checker.py,auto_scan,MISC
393,TASK394,Detected logic: find_py_files,Auto-detected from scan in smartswasthya/tools/coder_tools/circular_trap_scanner.py,done,AutoScan,smartswasthya/tools/coder_tools/circular_trap_scanner.py,auto_scan,MISC
394,TASK395,Detected logic: parse_imports,Auto-detected from scan in smartswasthya/tools/coder_tools/circular_trap_scanner.py,done,AutoScan,smartswasthya/tools/coder_tools/circular_trap_scanner.py,auto_scan,MISC
395,TASK396,Detected logic: normalize_path,Auto-detected from scan in smartswasthya/tools/coder_tools/circular_trap_scanner.py,done,AutoScan,smartswasthya/tools/coder_tools/circular_trap_scanner.py,auto_scan,MISC
396,TASK397,Detected logic: build_graph,Auto-detected from scan in smartswasthya/tools/coder_tools/circular_trap_scanner.py,done,AutoScan,smartswasthya/tools/coder_tools/circular_trap_scanner.py,auto_scan,DEVOPS_AND_DOCKER
397,TASK398,Detected logic: detect_cycles,Auto-detected from scan in smartswasthya/tools/coder_tools/circular_trap_scanner.py,done,AutoScan,smartswasthya/tools/coder_tools/circular_trap_scanner.py,auto_scan,MISC
398,TASK399,Detected logic: report_results,Auto-detected from scan in smartswasthya/tools/coder_tools/circular_trap_scanner.py,done,AutoScan,smartswasthya/tools/coder_tools/circular_trap_scanner.py,auto_scan,MISC
399,TASK400,Detected logic: run_circular_trap_scan,Auto-detected from scan in smartswasthya/tools/coder_tools/circular_trap_scanner.py,done,AutoScan,smartswasthya/tools/coder_tools/circular_trap_scanner.py,auto_scan,MISC
400,TASK401,Detected logic: dfs,Auto-detected from scan in smartswasthya/tools/coder_tools/circular_trap_scanner.py,done,AutoScan,smartswasthya/tools/coder_tools/circular_trap_scanner.py,auto_scan,MISC
401,TASK402,Detected logic: sync_developer_docs,Auto-detected from scan in smartswasthya/tools/coder_tools/docs_sync.py,done,AutoScan,smartswasthya/tools/coder_tools/docs_sync.py,auto_scan,SYNC_AND_BACKUP
402,TASK403,Detected logic: log_dummy_outputs,Auto-detected from scan in smartswasthya/tools/coder_tools/dummy_checker.py,done,AutoScan,smartswasthya/tools/coder_tools/dummy_checker.py,auto_scan,MISC
403,TASK404,Detected logic: handle_route_duplicates,Auto-detected from scan in smartswasthya/tools/coder_tools/duplicator.py,done,AutoScan,smartswasthya/tools/coder_tools/duplicator.py,auto_scan,MISC
404,TASK405,Detected logic: print_menu,Auto-detected from scan in smartswasthya/tools/coder_tools/main_trigger.py,done,AutoScan,smartswasthya/tools/coder_tools/main_trigger.py,auto_scan,MISC
405,TASK406,Detected logic: backup_file_if_needed,Auto-detected from scan in smartswasthya/tools/coder_tools/patcher.py,done,AutoScan,smartswasthya/tools/coder_tools/patcher.py,auto_scan,SYNC_AND_BACKUP
406,TASK407,Detected logic: apply_patch_queue,Auto-detected from scan in smartswasthya/tools/coder_tools/patcher.py,done,AutoScan,smartswasthya/tools/coder_tools/patcher.py,auto_scan,MISC
407,TASK408,Detected logic: add_patch_instruction,Auto-detected from scan in smartswasthya/tools/coder_tools/patch_queue.py,done,AutoScan,smartswasthya/tools/coder_tools/patch_queue.py,auto_scan,MISC
408,TASK409,Detected logic: list_patch_queue,Auto-detected from scan in smartswasthya/tools/coder_tools/patch_queue.py,done,AutoScan,smartswasthya/tools/coder_tools/patch_queue.py,auto_scan,MISC
409,TASK410,Detected logic: generate_pyproject_if_missing,Auto-detected from scan in smartswasthya/tools/coder_tools/pyproject_writer.py,done,AutoScan,smartswasthya/tools/coder_tools/pyproject_writer.py,auto_scan,MISC
410,TASK411,Detected logic: detect_route_conflicts,Auto-detected from scan in smartswasthya/tools/coder_tools/route_conflict_handler.py,done,AutoScan,smartswasthya/tools/coder_tools/route_conflict_handler.py,auto_scan,MISC
411,TASK412,Detected logic: generate_snapshot,Auto-detected from scan in smartswasthya/tools/coder_tools/snapshot_generator.py,done,AutoScan,smartswasthya/tools/coder_tools/snapshot_generator.py,auto_scan,MISC
412,TASK413,Detected logic: log_version_event,Auto-detected from scan in smartswasthya/tools/coder_tools/version_tracker.py,done,AutoScan,smartswasthya/tools/coder_tools/version_tracker.py,auto_scan,MISC
413,TASK414,Detected logic: list_versions,Auto-detected from scan in smartswasthya/tools/coder_tools/version_tracker.py,done,AutoScan,smartswasthya/tools/coder_tools/version_tracker.py,auto_scan,MISC
414,TASK415,Detected logic: run_cmd,Auto-detected from scan in smartswasthya/tools/devops/auto_migrate.py,done,AutoScan,smartswasthya/tools/devops/auto_migrate.py,auto_scan,MISC
415,TASK416,Detected logic: refresh_python_bundle,Auto-detected from scan in smartswasthya/tools/devops/dev_bundle.auto_update.py,done,AutoScan,smartswasthya/tools/devops/dev_bundle.auto_update.py,auto_scan,MISC
416,TASK417,Detected logic: refresh_node_bundle,Auto-detected from scan in smartswasthya/tools/devops/dev_bundle.auto_update.py,done,AutoScan,smartswasthya/tools/devops/dev_bundle.auto_update.py,auto_scan,MISC
417,TASK418,Detected logic: build_reverse_trace,Auto-detected from scan in smartswasthya/tools/devops/reverse_trace_builder.py,done,AutoScan,smartswasthya/tools/devops/reverse_trace_builder.py,auto_scan,DEVOPS_AND_DOCKER
418,TASK419,Detected logic: seed_admin,Auto-detected from scan in smartswasthya/tools/devops/seed_admin.py,done,AutoScan,smartswasthya/tools/devops/seed_admin.py,auto_scan,ADMIN_CONTROLS
419,TASK420,Detected logic: extract_tar_gz,Auto-detected from scan in smartswasthya/tools/devops/smart_bundle_manager.py,done,AutoScan,smartswasthya/tools/devops/smart_bundle_manager.py,auto_scan,SYNC_AND_BACKUP
420,TASK421,Detected logic: compress_to_tar_gz,Auto-detected from scan in smartswasthya/tools/devops/smart_bundle_manager.py,done,AutoScan,smartswasthya/tools/devops/smart_bundle_manager.py,auto_scan,SYNC_AND_BACKUP
421,TASK422,Detected logic: read_pyproject_dependencies,Auto-detected from scan in smartswasthya/tools/devops/smart_bundle_manager.py,done,AutoScan,smartswasthya/tools/devops/smart_bundle_manager.py,auto_scan,MISC
422,TASK423,Detected logic: read_installed_manifest,Auto-detected from scan in smartswasthya/tools/devops/smart_bundle_manager.py,done,AutoScan,smartswasthya/tools/devops/smart_bundle_manager.py,auto_scan,MISC
423,TASK424,Detected logic: write_installed_manifest,Auto-detected from scan in smartswasthya/tools/devops/smart_bundle_manager.py,done,AutoScan,smartswasthya/tools/devops/smart_bundle_manager.py,auto_scan,MISC
424,TASK425,Detected logic: log_bundle_update,Auto-detected from scan in smartswasthya/tools/devops/smart_bundle_manager.py,done,AutoScan,smartswasthya/tools/devops/smart_bundle_manager.py,auto_scan,MISC
425,TASK426,Detected logic: update_installed_manifest,Auto-detected from scan in smartswasthya/tools/devops/smart_bundle_manager.py,done,AutoScan,smartswasthya/tools/devops/smart_bundle_manager.py,auto_scan,MISC
426,TASK427,Detected logic: remove_win_wheels,Auto-detected from scan in smartswasthya/tools/devops/smart_bundle_manager.py,done,AutoScan,smartswasthya/tools/devops/smart_bundle_manager.py,auto_scan,MISC
427,TASK428,Detected logic: deduplicate_whl_files,Auto-detected from scan in smartswasthya/tools/devops/smart_bundle_manager.py,done,AutoScan,smartswasthya/tools/devops/smart_bundle_manager.py,auto_scan,MISC
428,TASK429,Detected logic: update_python_bundle,Auto-detected from scan in smartswasthya/tools/devops/smart_bundle_manager.py,done,AutoScan,smartswasthya/tools/devops/smart_bundle_manager.py,auto_scan,MISC
429,TASK430,Detected logic: get_logged_in_user,Auto-detected from scan in smartswasthya/utils/auth_guard.py,done,AutoScan,smartswasthya/utils/auth_guard.py,auto_scan,USER_MANAGEMENT
430,TASK431,Detected logic: get_admin_token_header,Auto-detected from scan in smartswasthya/utils/auth_guard.py,done,AutoScan,smartswasthya/utils/auth_guard.py,auto_scan,USER_MANAGEMENT
431,TASK432,Detected logic: list_all_files,Auto-detected from scan in smartswasthya/utils/file_scanner.py,done,AutoScan,smartswasthya/utils/file_scanner.py,auto_scan,MISC
432,TASK433,Detected logic: filter_files_by_time,Auto-detected from scan in smartswasthya/utils/file_scanner.py,done,AutoScan,smartswasthya/utils/file_scanner.py,auto_scan,MISC
433,TASK434,Detected logic: extract_tar_file,Auto-detected from scan in smartswasthya/utils/file_scanner.py,done,AutoScan,smartswasthya/utils/file_scanner.py,auto_scan,SYNC_AND_BACKUP
434,TASK435,Detected logic: get_template_routes_map,Auto-detected from scan in smartswasthya/utils/file_scanner.py,done,AutoScan,smartswasthya/utils/file_scanner.py,auto_scan,FRONTEND_ROUTES
435,TASK436,Detected logic: log_admin_task,Auto-detected from scan in smartswasthya/utils/logger_helper.py,done,AutoScan,smartswasthya/utils/logger_helper.py,auto_scan,ADMIN_CONTROLS